0.0229994,0.0229994
0.00233959,-0.132444
-0.0785248,-0.0134727
-0.0126512,0.142755
0,0.0919975
-0.0126512,0.142755
-0.0785248,-0.0134727
0.00233959,-0.132444
0.0459988,0.0459988
-0.132444,0.00233959
-0.0134727,-0.0785248
0.142755,-0.0126512
0.0919975,0
0.142755,-0.0126512
-0.0134727,-0.0785248
-0.132444,0.00233959
0.0459988,0.0459988
0.00233959,-0.132444
-0.0785248,-0.0134727
-0.0126512,0.142755
0,0.0919975
-0.0126512,0.142755
-0.0785248,-0.0134727
0.00233959,-0.132444
0.0459988,0.0459988
-0.132444,0.00233959
-0.0134727,-0.0785248
0.142755,-0.0126512
0.0919975,0
0.142755,-0.0126512
-0.0134727,-0.0785248
-0.132444,0.00233959
0.0459988,0.0459988
0.00233959,-0.132444
-0.0785248,-0.0134727
-0.0126512,0.142755
0,0.0919975
-0.0126512,0.142755
-0.0785248,-0.0134727
0.00233959,-0.132444
0.0459988,0.0459988
-0.132444,0.00233959
-0.0134727,-0.0785248
0.142755,-0.0126512
0.0919975,0
0.142755,-0.0126512
-0.0134727,-0.0785248
-0.132444,0.00233959
0.0459988,0.0459988
0.00233959,-0.132444
-0.0785248,-0.0134727
-0.0126512,0.142755
0,0.0919975
-0.0126512,0.142755
-0.0785248,-0.0134727
0.00233959,-0.132444
0.0459988,0.0459988
-0.132444,0.00233959
-0.0134727,-0.0785248
0.142755,-0.0126512
0.0919975,0
0.142755,-0.0126512
-0.0134727,-0.0785248
-0.132444,0.00233959
0.0459988,0.0459988
0.00233959,-0.132444
-0.0785248,-0.0134727
-0.0126512,0.142755
0,0.0919975
-0.0126512,0.142755
-0.0785248,-0.0134727
0.00233959,-0.132444
0.0459988,0.0459988
-0.132444,0.00233959
-0.0134727,-0.0785248
0.142755,-0.0126512
0.0919975,0
0.142755,-0.0126512
-0.0134727,-0.0785248
-0.132444,0.00233959
0.0459988,0.0459988
0.00233959,-0.132444
-0.0785248,-0.0134727
-0.0126512,0.142755
0,0.0919975
-0.0126512,0.142755
-0.0785248,-0.0134727
0.00233959,-0.132444
0.0459988,0.0459988
-0.132444,0.00233959
-0.0134727,-0.0785248
0.142755,-0.0126512
0.0919975,0
0.142755,-0.0126512
-0.0134727,-0.0785248
-0.132444,0.00233959
0.0459988,0.0459988
0.00233959,-0.132444
-0.0785248,-0.0134727
-0.0126512,0.142755
0,0.0919975
-0.0126512,0.142755
-0.0785248,-0.0134727
0.00233959,-0.132444
0.0459988,0.0459988
-0.132444,0.00233959
-0.0134727,-0.0785248
0.142755,-0.0126512
0.0919975,0
0.142755,-0.0126512
-0.0134727,-0.0785248
-0.132444,0.00233959
0.0459988,0.0459988
0.00233959,-0.132444
-0.0785248,-0.0134727
-0.0126512,0.142755
0,0.0919975
-0.0126512,0.142755
-0.0785248,-0.0134727
0.00233959,-0.132444
0.0459988,0.0459988
-0.132444,0.00233959
-0.0134727,-0.0785248
0.142755,-0.0126512
0.0919975,0
0.142755,-0.0126512
-0.0134727,-0.0785248
-0.132444,0.00233959
0.0459988,0.0459988
0.00233959,-0.132444
-0.0785248,-0.0134727
-0.0126512,0.142755
0,0.0919975
-0.0126512,0.142755
-0.0785248,-0.0134727
0.00233959,-0.132444
0.0459988,0.0459988
-0.132444,0.00233959
-0.0134727,-0.0785248
0.142755,-0.0126512
0.0919975,0
0.142755,-0.0126512
-0.0134727,-0.0785248
-0.132444,0.00233959
0.0459988,0.0459988
0.00233959,-0.132444
-0.0785248,-0.0134727
-0.0126512,0.142755
0,0.0919975
-0.0126512,0.142755
-0.0785248,-0.0134727
0.00233959,-0.132444
0.0459988,0.0459988
-0.132444,0.00233959
-0.0134727,-0.0785248
0.142755,-0.0126512
0.0919975,0
0.142755,-0.0126512
-0.0134727,-0.0785248
-0.132444,0.00233959
0.0229994,-0.0551256
-0.0975996,0.0122846
-0.105872,0.0917165
-0.115129,-0.0918876
-0.0537743,-0.00280594
0.0740404,0.0750737
0.0205014,-0.127324
0.0165662,-0.121887
0.150888,-0.0350413
0.0218039,-0.0564551
-0.0812861,-0.0603101
-0.014122,0.0695568
-0.0923566,0.0822183
-0.0652272,-0.131263
-0.0392986,-0.0572063
-0.0983442,0.0369179
0.0625,0.0625
0.00409559,0.119239
-0.160657,-0.0224832
0.014939,0.0586688
0.0585318,0.0244759
0.0473798,-0.136805
0.115005,0.00098898
-0.00407633,0.0533377
0.0258883,0.0975413
0.106171,-0.038316
0.0551805,-0.115131
0.0877068,0.0598238
-0.0278859,0.0211118
-0.0827979,0.0968319
0.111158,0.0397497
0.120325,-0.00512125
0,0.15625
-0.120325,-0.00512125
-0.111158,0.0397497
0.0827979,0.0968319
0.0278859,0.0211118
-0.0877068,0.0598238
-0.0551805,-0.115131
-0.106171,-0.038316
-0.0258883,0.0975413
0.00407633,0.0533377
-0.115005,0.00098898
-0.0473798,-0.136805
-0.0585318,0.0244759
-0.014939,0.0586688
0.160657,-0.0224832
-0.00409559,0.119239
-0.0625,0.0625
0.0983442,0.0369179
0.0392986,-0.0572063
0.0652272,-0.131263
0.0923566,0.0822183
0.014122,0.0695568
0.0812861,-0.0603101
-0.0218039,-0.0564551
-0.150888,-0.0350413
-0.0165662,-0.121887
-0.0205014,-0.127324
-0.0740404,0.0750737
0.0537743,-0.00280594
0.115129,-0.0918876
0.105872,0.0917165
0.0975996,0.0122846
0,-0.15625
-0.0975996,0.0122846
-0.105872,0.0917165
-0.115129,-0.0918876
-0.0537743,-0.00280594
0.0740404,0.0750737
0.0205014,-0.127324
0.0165662,-0.121887
0.150888,-0.0350413
0.0218039,-0.0564551
-0.0812861,-0.0603101
-0.014122,0.0695568
-0.0923566,0.0822183
-0.0652272,-0.131263
-0.0392986,-0.0572063
-0.0983442,0.0369179
0.0625,0.0625
0.00409559,0.119239
-0.160657,-0.0224832
0.014939,0.0586688
0.0585318,0.0244759
0.0473798,-0.136805
0.115005,0.00098898
-0.00407633,0.0533377
0.0258883,0.0975413
0.106171,-0.038316
0.0551805,-0.115131
0.0877068,0.0598238
-0.0278859,0.0211118
-0.0827979,0.0968319
0.111158,0.0397497
0.120325,-0.00512125
0,0.15625
-0.120325,-0.00512125
-0.111158,0.0397497
0.0827979,0.0968319
0.0278859,0.0211118
-0.0877068,0.0598238
-0.0551805,-0.115131
-0.106171,-0.038316
-0.0258883,0.0975413
0.00407633,0.0533377
-0.115005,0.00098898
-0.0473798,-0.136805
-0.0585318,0.0244759
-0.014939,0.0586688
0.160657,-0.0224832
-0.00409559,0.119239
-0.0625,0.0625
0.0983442,0.0369179
0.0392986,-0.0572063
0.0652272,-0.131263
0.0923566,0.0822183
0.014122,0.0695568
0.0812861,-0.0603101
-0.0218039,-0.0564551
-0.150888,-0.0350413
-0.0165662,-0.121887
-0.0205014,-0.127324
-0.0740404,0.0750737
0.0537743,-0.00280594
0.115129,-0.0918876
0.105872,0.0917165
0.0975996,0.0122846
0,-0.15625
-0.0975996,0.0122846
-0.105872,0.0917165
-0.115129,-0.0918876
-0.0537743,-0.00280594
0.0740404,0.0750737
0.0205014,-0.127324
0.0165662,-0.121887
0.150888,-0.0350413
0.0218039,-0.0564551
-0.0812861,-0.0603101
-0.014122,0.0695568
-0.0923566,0.0822183
-0.0652272,-0.131263
-0.0392986,-0.0572063
-0.0983442,0.0369179
0.0625,0.0625
0.00409559,0.119239
-0.160657,-0.0224832
0.014939,0.0586688
0.0585318,0.0244759
0.0473798,-0.136805
0.115005,0.00098898
-0.00407633,0.0533377
0.0258883,0.0975413
0.106171,-0.038316
0.0551805,-0.115131
0.0877068,0.0598238
-0.0278859,0.0211118
-0.0827979,0.0968319
0.111158,0.0397497
0.120325,-0.00512125
0.03125,0.078125
-0.0202998,-0.025475
-0.0711578,-0.0609318
-0.12594,-0.0547372
-0.0993619,-0.12669
0.0327002,-0.00799951
0.0296219,0.101952
-0.0543073,0.00522249
-0.0441942,0.0975413
-0.0429864,-0.0087507
-0.0621762,0.0158895
-0.0244891,0.0707802
0.0447983,-0.173786
0.0949952,0.0994128
0.0182926,0.136447
-0.0885068,-0.00601479
0,0.15625
0.0885068,-0.00601479
-0.0182926,0.136447
-0.0949952,0.0994128
-0.0447983,-0.173786
0.0244891,0.0707802
0.0621762,0.0158895
0.0429864,-0.0087507
0.0441942,0.0975413
0.0543073,0.00522249
-0.0296219,0.101952
-0.0327002,-0.00799951
0.0993619,-0.12669
0.12594,-0.0547372
0.0711578,-0.0609318
0.0202998,-0.025475
-0.0625,-3.82702e-018
-0.0565853,0.016004
-0.00171157,-0.0108213
-0.0293142,0.0376323
-0.0515265,0.108384
-0.0916979,0.0643868
-0.0929763,0.0712751
0.0559328,0.00255019
0.0441942,-0.0350413
-0.101911,-0.0874103
-0.0377899,-0.189117
-0.0367412,-0.0387791
-0.0706866,0.0670914
0.174294,0.00608049
0.122226,-0.0646939
-0.208124,-0.0729025
0,-0.03125
0.208124,-0.0729025
-0.122226,-0.0646939
-0.174294,0.00608049
0.0706866,0.0670914
0.0367412,-0.0387791
0.0377899,-0.189117
0.101911,-0.0874103
-0.0441942,-0.0350413
-0.0559328,0.00255019
0.0929763,0.0712751
0.0916979,0.0643868
0.0515265,0.108384
0.0293142,0.0376323
0.00171157,-0.0108213
0.0565853,0.016004
0.0625,3.82702e-018
-0.0202998,-0.025475
-0.0711578,-0.0609318
-0.12594,-0.0547372
-0.0993619,-0.12669
0.0327002,-0.00799951
0.0296219,0.101952
-0.0543073,0.00522249
-0.0441942,0.0975413
-0.0429864,-0.0087507
-0.0621762,0.0158895
-0.0244891,0.0707802
0.0447983,-0.173786
0.0949952,0.0994128
0.0182926,0.136447
-0.0885068,-0.00601479
0.03125,0.0625
0.0040464,-0.0284509
-0.168102,0.0518071
-0.091224,0.0143935
-0.0239177,-0.00280594
0.00595003,0.0625095
0.0236699,0.00449451
-0.110503,0.0263192
-0.106694,0.0220971
-0.0838762,0.0730774
-0.0950787,-0.032433
0.111691,-0.116653
0.0577425,0.0244759
-0.207397,-0.107186
-0.0737401,0.0655547
0.126217,0.103538
0,-0.1875
-0.126217,0.103538
0.0737401,0.0655547
0.207397,-0.107186
-0.0577425,0.0244759
-0.111691,-0.116653
0.0950787,-0.032433
0.0838762,0.0730774
0.106694,0.0220971
0.110503,0.0263192
-0.0236699,0.00449451
-0.00595003,0.0625095
0.0239177,-0.00280594
0.091224,0.0143935
0.168102,0.0518071
-0.0040464,-0.0284509
-0.0625,-0.03125
0.0360859,-0.0966576
0.0239421,0.0568577
0.0470682,0.139404
0.0239177,0.0211118
-0.0338657,0.0681719
0.00500539,-0.0793346
0.00840052,-0.110776
-0.0183058,-0.0220971
-0.0548381,-0.192493
-0.00124609,-0.157892
0.0737814,0.0265249
-0.0577425,0.0822183
-0.0501467,0.0896121
0.0545799,0.0909456
-0.0494733,0.0486673
0,0
0.0494733,0.0486673
-0.0545799,0.0909456
0.0501467,0.0896121
0.0577425,0.0822183
-0.0737814,0.0265249
0.00124609,-0.157892
0.0548381,-0.192493
0.0183058,-0.0220971
-0.00840052,-0.110776
-0.00500539,-0.0793346
0.0338657,0.0681719
-0.0239177,0.0211118
-0.0470682,0.139404
-0.0239421,0.0568577
-0.0360859,-0.0966576
0.0625,-0.03125
0.0040464,-0.0284509
-0.168102,0.0518071
-0.091224,0.0143935
-0.0239177,-0.00280594
0.00595003,0.0625095
0.0236699,0.00449451
-0.110503,0.0263192
-0.106694,0.0220971
-0.0838762,0.0730774
-0.0950787,-0.032433
0.111691,-0.116653
0.0577425,0.0244759
-0.207397,-0.107186
-0.0737401,0.0655547
0.126217,0.103538
0,-0.0625
-0.0171542,-0.0421142
0.0430987,-0.0756106
-0.0424212,-0.0541737
0.081383,-0.00677415
0.0427711,0.0758102
0.0972491,0.0466808
0.125129,0.050407
-0.106694,0.0975413
-0.0375697,0.0157066
0.0270036,-0.0275529
0.138945,0.00292566
0.186961,-0.0101382
-0.00317856,0.00063762
0.0585385,-0.00208297
0.0828871,-0.0615464
0,-0.09375
-0.0828871,-0.0615464
-0.0585385,-0.00208297
0.00317856,0.00063762
-0.186961,-0.0101382
-0.138945,0.00292566
-0.0270036,-0.0275529
0.0375697,0.0157066
0.106694,0.0975413
-0.125129,0.050407
-0.0972491,0.0466808
-0.0427711,0.0758102
-0.081383,-0.00677415
0.0424212,-0.0541737
-0.0430987,-0.0756106
0.0171542,-0.0421142
0,0.0625
-0.139683,-0.0165266
-0.0498269,-0.0195978
-0.0425973,0.173215
0.0953937,0.0509683
0.014723,-0.145746
-0.151813,-0.0809679
0.0861602,-0.0784562
-0.0183058,-0.0350413
-0.120567,0.060178
0.0952095,-0.0265483
0.0300933,-0.048475
-0.0101842,-0.0340559
0.133257,-0.00419423
0.11151,0.18568
-0.00559721,0.0723518
0,-0.15625
0.00559721,0.0723518
-0.11151,0.18568
-0.133257,-0.00419423
0.0101842,-0.0340559
-0.0300933,-0.048475
-0.0952095,-0.0265483
0.120567,0.060178
0.0183058,-0.0350413
-0.0861602,-0.0784562
0.151813,-0.0809679
-0.014723,-0.145746
-0.0953937,0.0509683
0.0425973,0.173215
0.0498269,-0.0195978
0.139683,-0.0165266
0,0.0625
-0.0171542,-0.0421142
0.0430987,-0.0756106
-0.0424212,-0.0541737
0.081383,-0.00677415
0.0427711,0.0758102
0.0972491,0.0466808
0.125129,0.050407
-0.106694,0.0975413
-0.0375697,0.0157066
0.0270036,-0.0275529
0.138945,0.00292566
0.186961,-0.0101382
-0.00317856,0.00063762
0.0585385,-0.00208297
0.0828871,-0.0615464
0.03125,-0.046875
-0.0232782,0.00171218
-0.00540432,-0.00273249
3.44837e-005,-0.16421
-0.0195223,-0.0119589
-0.138485,0.0450392
-0.134493,-0.0446434
-0.0837163,0.0655238
-0.0495558,0.0404029
0.114315,-0.0345225
-0.0117565,-0.08709
-0.0737621,-0.071108
0.0908131,-0.0288712
0.12397,-0.110042
0.139863,0.0543747
0.0488688,0.051166
0,-0.15625
-0.0488688,0.051166
-0.139863,0.0543747
-0.12397,-0.110042
-0.0908131,-0.0288712
0.0737621,-0.071108
0.0117565,-0.08709
-0.114315,-0.0345225
0.0495558,0.0404029
0.0837163,0.0655238
0.134493,-0.0446434
0.138485,0.0450392
0.0195223,-0.0119589
-3.44837e-005,-0.16421
0.00540432,-0.00273249
0.0232782,0.00171218
-0.0625,-3.82702e-018
0.0403351,0.0641462
0.134438,0.00946065
-0.0908401,0.102397
-0.0871718,0.0119589
-0.00474658,-0.0936538
0.0185462,-0.00992023
-0.0170842,-0.0904014
-0.137944,0.0845971
-0.04228,0.236177
-0.0158025,-0.0351231
-0.0789845,-0.0570541
-0.0725073,0.0288712
0.0257096,-0.00492239
0.0775589,0.115674
-0.108976,0.0597523
0,-0.09375
0.108976,0.0597523
-0.0775589,0.115674
-0.0257096,-0.00492239
0.0725073,0.0288712
0.0789845,-0.0570541
0.0158025,-0.0351231
0.04228,0.236177
0.137944,0.0845971
0.0170842,-0.0904014
-0.0185462,-0.00992023
0.00474658,-0.0936538
0.0871718,0.0119589
0.0908401,0.102397
-0.134438,0.00946065
-0.0403351,0.0641462
0.0625,3.82702e-018
-0.0232782,0.00171218
-0.00540432,-0.00273249
3.44837e-005,-0.16421
-0.0195223,-0.0119589
-0.138485,0.0450392
-0.134493,-0.0446434
-0.0837163,0.0655238
-0.0495558,0.0404029
0.114315,-0.0345225
-0.0117565,-0.08709
-0.0737621,-0.071108
0.0908131,-0.0288712
0.12397,-0.110042
0.139863,0.0543747
0.0488688,0.051166
-0.015625,-0.09375
0.108353,0.0355701
-0.0753978,0.116111
-0.0131273,-0.0100963
0.224558,0.0694701
0.139899,0.1252
0.090954,-0.167671
0.0327638,-0.0815364
0.00379126,7.17104e-018
0.0249225,-0.0167667
0.0281022,0.111659
0.126589,-0.0518881
-0.0136793,-0.0834808
-0.00286354,0.0376806
0.182509,0.0115377
-0.0192355,0.0175969
0,0.03125
0.0192355,0.0175969
-0.182509,0.0115377
0.00286354,0.0376806
0.0136793,-0.0834808
-0.126589,-0.0518881
-0.0281022,0.111659
-0.0249225,-0.0167667
-0.00379126,-3.11187e-018
-0.0327638,-0.0815364
-0.090954,-0.167671
-0.139899,0.1252
-0.224558,0.0694701
0.0131273,-0.0100963
0.0753978,0.116111
-0.108353,0.0355701
0.03125,-0.03125
0.0343133,-0.0406207
-0.0459609,-0.0105331
0.040232,-0.0737327
0.0513305,-0.113664
0.140526,0.000259528
0.105337,0.0761042
-0.10893,0.106927
-0.128791,-1.48251e-017
-0.0239243,-0.00862422
0.00657687,-0.0200914
-0.0866488,-0.073571
-0.0854324,0.127675
0.0394833,0.0461485
0.0345203,-0.117116
-0.0109337,-0.0125463
0,0.03125
0.0109337,-0.0125463
-0.0345203,-0.117116
-0.0394833,0.0461485
0.0854324,0.127675
0.0866488,-0.073571
-0.00657687,-0.0200914
0.0239243,-0.00862422
0.128791,1.07659e-017
0.10893,0.106927
-0.105337,0.0761042
-0.140526,0.000259528
-0.0513305,-0.113664
-0.040232,-0.0737327
0.0459609,-0.0105331
-0.0343133,-0.0406207
-0.03125,-0.03125
0.108353,0.0355701
-0.0753978,0.116111
-0.0131273,-0.0100963
0.224558,0.0694701
0.139899,0.1252
0.090954,-0.167671
0.0327638,-0.0815364
0.00379126,7.17104e-018
0.0249225,-0.0167667
0.0281022,0.111659
0.126589,-0.0518881
-0.0136793,-0.0834808
-0.00286354,0.0376806
0.182509,0.0115377
-0.0192355,0.0175969
-0.09375,-6.93889e-018
-0.00716965,0.13679
0.0122703,0.0989902
0.00124832,0.0850438
0.0908131,0.087403
-0.0868377,-0.0409617
0.00581591,0.0304179
0.166257,-0.0323186
-0.0129442,-0.00915291
-0.0335159,0.0233365
0.0222332,-0.201925
-0.0719238,-0.109467
-0.0871718,0.0159271
0.077518,-0.0327271
0.0576654,-0.024818
-0.164165,-0.0772332
0,-0.125
0.164165,-0.0772332
-0.0576654,-0.024818
-0.077518,-0.0327271
0.0871718,0.0159271
0.0719238,-0.109467
-0.0222332,-0.201925
0.0335159,0.0233365
0.0129442,-0.00915291
-0.166257,-0.0323186
-0.00581591,0.0304179
0.0868377,-0.0409617
-0.0908131,0.087403
-0.00124832,0.0850438
-0.0122703,0.0989902
0.00716965,0.13679
0.1875,-0.03125
0.0125866,-0.0321953
-0.061222,-0.0246126
-0.0157334,0.0656882
-0.0725073,0.0634853
0.0388688,-0.0623626
-0.0114278,0.0783388
-0.0677106,0.00291432
0.0754442,-0.0533471
0.0531887,0.0268066
-0.0644568,-0.0836085
-0.141598,-0.0389175
-0.0195223,-0.0418154
0.169221,-0.0430729
0.106771,0.127217
0.0174854,0.128676
0,0.0625
-0.0174854,0.128676
-0.106771,0.127217
-0.169221,-0.0430729
0.0195223,-0.0418154
0.141598,-0.0389175
0.0644568,-0.0836085
-0.0531887,0.0268066
-0.0754442,-0.0533471
0.0677106,0.00291432
0.0114278,0.0783388
-0.0388688,-0.0623626
0.0725073,0.0634853
0.0157334,0.0656882
0.061222,-0.0246126
-0.0125866,-0.0321953
-0.1875,-0.03125
-0.00716965,0.13679
0.0122703,0.0989902
0.00124832,0.0850438
0.0908131,0.087403
-0.0868377,-0.0409617
0.00581591,0.0304179
0.166257,-0.0323186
-0.0129442,-0.00915291
-0.0335159,0.0233365
0.0222332,-0.201925
-0.0719238,-0.109467
-0.0871718,0.0159271
0.077518,-0.0327271
0.0576654,-0.024818
-0.164165,-0.0772332
-0.046875,-0.046875
-0.131878,0.00308832
-0.0522156,0.0103308
-0.0336256,-0.124706
-0.0730654,-0.068866
-0.141584,0.121265
-0.125981,-0.0418286
0.106171,-0.119411
0.0845971,-0.0625
-0.0724198,0.102444
0.0948287,0.0687791
0.107445,-0.0333204
-0.056153,0.179201
0.0354597,0.0633656
0.0501926,-0.005419
-0.084617,0.0032459
0,-0.15625
0.084617,0.0032459
-0.0501926,-0.005419
-0.0354597,0.0633656
0.056153,0.179201
-0.107445,-0.0333204
-0.0948287,0.0687791
0.0724198,0.102444
-0.0845971,-0.0625
-0.106171,-0.119411
0.125981,-0.0418286
0.141584,0.121265
0.0730654,-0.068866
0.0336256,-0.124706
0.0522156,0.0103308
0.131878,0.00308832
0.09375,0.03125
0.0762523,-0.146968
0.0263272,-0.112267
-0.0788347,0.0632367
-0.0153229,-0.0012165
-0.0318746,0.0989879
-0.0249078,0.0621051
0.121037,-0.100736
0.0404029,-0.0625
0.0185909,-0.018521
0.0560596,-0.000667195
-0.0809708,0.0169406
-0.0322353,0.0158811
-0.0212113,-0.028993
-0.0243042,0.0189673
0.17473,0.10008
0,0.09375
-0.17473,0.10008
0.0243042,0.0189673
0.0212113,-0.028993
0.0322353,0.0158811
0.0809708,0.0169406
-0.0560596,-0.000667195
-0.0185909,-0.018521
-0.0404029,-0.0625
-0.121037,-0.100736
0.0249078,0.0621051
0.0318746,0.0989879
0.0153229,-0.0012165
0.0788347,0.0632367
-0.0263272,-0.112267
-0.0762523,-0.146968
-0.09375,0.03125
-0.131878,0.00308832
-0.0522156,0.0103308
-0.0336256,-0.124706
-0.0730654,-0.068866
-0.141584,0.121265
-0.125981,-0.0418286
0.106171,-0.119411
0.0845971,-0.0625
-0.0724198,0.102444
0.0948287,0.0687791
0.107445,-0.0333204
-0.056153,0.179201
0.0354597,0.0633656
0.0501926,-0.005419
-0.084617,0.0032459
0.0625,-0.125
0.0658937,-0.0166952
0.0134827,-0.00423419
-0.0125443,0.00472696
0.0473731,0.0174705
0.0178565,0.0360506
0.0788223,0.0591902
-0.0343041,0.0889941
-0.150888,0.0845971
0.0796262,-0.0711141
0.0417132,-0.0427957
0.0231764,0.0192324
0.0613837,-0.0774608
-0.108377,0.0363825
-0.0494764,0.0360685
0.0118618,-0.113278
0,-0.125
-0.0118618,-0.113278
0.0494764,0.0360685
0.108377,0.0363825
-0.0613837,-0.0774608
-0.0231764,0.0192324
-0.0417132,-0.0427957
-0.0796262,-0.0711141
0.150888,0.0845971
0.0343041,0.0889941
-0.0788223,0.0591902
-0.0178565,0.0360506
-0.0473731,0.0174705
0.0125443,0.00472696
-0.0134827,-0.00423419
-0.0658937,-0.0166952
-0.125,-0.09375
-0.153646,0.0455039
-0.0281473,0.106171
-0.00335965,-0.0550818
-0.135761,0.0892237
-0.148937,0.0911707
0.0991626,-0.0794667
0.156544,0.040681
0.0258883,0.0404029
0.00600171,-0.0314645
0.0112717,-0.0253162
0.0591315,-0.0102299
-0.149772,0.0957666
-0.120915,0.0545253
0.159812,-0.0496168
-0.0630023,-0.119404
0,-0.1875
0.0630023,-0.119404
-0.159812,-0.0496168
0.120915,0.0545253
0.149772,0.0957666
-0.0591315,-0.0102299
-0.0112717,-0.0253162
-0.00600171,-0.0314645
-0.0258883,0.0404029
-0.156544,0.040681
-0.0991626,-0.0794667
0.148937,0.0911707
0.135761,0.0892237
0.00335965,-0.0550818
0.0281473,0.106171
0.153646,0.0455039
0.125,-0.09375
0.0658937,-0.0166952
0.0134827,-0.00423419
-0.0125443,0.00472696
0.0473731,0.0174705
0.0178565,0.0360506
0.0788223,0.0591902
-0.0343041,0.0889941
-0.150888,0.0845971
0.0796262,-0.0711141
0.0417132,-0.0427957
0.0231764,0.0192324
0.0613837,-0.0774608
-0.108377,0.0363825
-0.0494764,0.0360685
0.0118618,-0.113278
-0.0625,-0.046875
-0.0279671,0.0348924
0.123684,0.0275468
-0.198078,0.0435254
-0.11109,0.0192911
0.080254,0.142362
-0.0185969,0.0419292
0.0120929,-0.181143
0.0571383,-0.0274587
0.0932713,0.0322382
-0.0522579,-0.0251602
-0.147006,-0.00672561
-0.0147648,0.00237876
0.0204045,0.154416
0.0291826,0.122465
0.0119853,-0.0140191
0,0
-0.0119853,-0.0140191
-0.0291826,0.122465
-0.0204045,0.154416
0.0147648,0.00237876
0.147006,-0.00672561
0.0522579,-0.0251602
-0.0932713,0.0322382
-0.0571383,-0.0274587
-0.0120929,-0.181143
0.0185969,0.0419292
-0.080254,0.142362
0.11109,0.0192911
0.198078,0.0435254
-0.123684,0.0275468
0.0279671,0.0348924
0.125,0.03125
-0.00641898,-0.0597301
0.0745777,-0.0753823
0.0314726,-0.02911
0.00439538,0.0432089
-0.0751012,0.0886961
-0.105287,0.0735557
-0.0627503,-0.0845536
-0.119638,-0.160041
0.00816786,-0.0182507
-0.0350142,-0.0903248
-0.109065,-0.0682951
0.0330706,0.0601212
-0.0214571,-0.148092
-0.0443096,-0.0746298
0.032502,0.113789
0,0.0625
-0.032502,0.113789
0.0443096,-0.0746298
0.0214571,-0.148092
-0.0330706,0.0601212
0.109065,-0.0682951
0.0350142,-0.0903248
-0.00816786,-0.0182507
0.119638,-0.160041
0.0627503,-0.0845536
0.105287,0.0735557
0.0751012,0.0886961
-0.00439538,0.0432089
-0.0314726,-0.02911
-0.0745777,-0.0753823
0.00641898,-0.0597301
-0.125,0.03125
-0.0279671,0.0348924
0.123684,0.0275468
-0.198078,0.0435254
-0.11109,0.0192911
0.080254,0.142362
-0.0185969,0.0419292
0.0120929,-0.181143
0.0571383,-0.0274587
0.0932713,0.0322382
-0.0522579,-0.0251602
-0.147006,-0.00672561
-0.0147648,0.00237876
0.0204045,0.154416
0.0291826,0.122465
0.0119853,-0.0140191
-0.0625,-0.03125
-0.0542956,-0.00845562
0.0312935,0.0430643
-0.00230148,0.250384
-0.0394366,0.115716
0.115691,-0.092448
0.0583533,0.0770499
-0.0790091,-0.0558108
-3.08778e-018,-0.0716529
0.0567645,0.0707173
0.0947364,-0.0628067
0.00691526,-0.00651125
-0.130612,0.0405989
-0.059315,0.0123599
-0.0144219,0.0251854
-0.0525997,-0.0527319
0,-0.09375
0.0525997,-0.0527319
0.0144219,0.0251854
0.059315,0.0123599
0.130612,0.0405989
-0.00691526,-0.00651125
-0.0947364,-0.0628067
-0.0567645,0.0707173
-1.73472e-018,-0.0716529
0.0790091,-0.0558108
-0.0583533,0.0770499
-0.115691,-0.092448
0.0394366,0.115716
0.00230148,0.250384
-0.0312935,0.0430643
0.0542956,-0.00845562
0.125,-0.0625
0.042135,-0.0771357
-0.0797828,-0.0486762
0.10158,-0.0380426
0.0760483,-0.071522
-0.0384513,-0.00678571
0.201292,0.0873867
0.114256,-0.103123
3.08778e-018,-0.115847
0.13452,0.0476631
0.0399087,0.111758
-0.00460757,0.0786483
-0.0827765,-0.0847931
-0.0931153,-0.0208282
0.0909326,0.0170382
0.0197003,0.00209941
0,0.09375
-0.0197003,0.00209941
-0.0909326,0.0170382
0.0931153,-0.0208282
0.0827765,-0.0847931
0.00460757,0.0786483
-0.0399087,0.111758
-0.13452,0.0476631
1.73472e-018,-0.115847
-0.114256,-0.103123
-0.201292,0.0873867
0.0384513,-0.00678571
-0.0760483,-0.071522
-0.10158,-0.0380426
0.0797828,-0.0486762
-0.042135,-0.0771357
-0.125,-0.0625
-0.0542956,-0.00845562
0.0312935,0.0430643
-0.00230148,0.250384
-0.0394366,0.115716
0.115691,-0.092448
0.0583533,0.0770499
-0.0790091,-0.0558108
-3.08778e-018,-0.0716529
0.0567645,0.0707173
0.0947364,-0.0628067
0.00691526,-0.00651125
-0.130612,0.0405989
-0.059315,0.0123599
-0.0144219,0.0251854
-0.0525997,-0.0527319
-0.09375,-0.046875
-0.012196,0.0617556
0.118426,0.0129478
-0.0174628,-0.0267453
0.0397988,0.0744589
-0.0823599,0.0530066
-0.19464,0.0108785
-0.00701757,-0.016643
-0.0754442,-0.0220971
-0.0362665,0.0604994
0.0700465,0.00638803
-0.030576,0.0052924
0.0111235,0.0913712
-0.0200223,-0.0568179
-0.138841,-0.139283
-0.0939195,-0.055718
0,-0.03125
0.0939195,-0.055718
0.138841,-0.139283
0.0200223,-0.0568179
-0.0111235,0.0913712
0.030576,0.0052924
-0.0700465,0.00638803
0.0362665,0.0604994
0.0754442,-0.0220971
0.00701757,-0.016643
0.19464,0.0108785
0.0823599,0.0530066
-0.0397988,0.0744589
0.0174628,-0.0267453
-0.118426,0.0129478
0.012196,0.0617556
0.1875,1.14811e-017
-0.0166127,0.022106
-0.239523,-0.0483512
-0.032892,-0.0818654
0.155284,0.0505411
-0.0448615,0.0711494
0.078039,0.0628453
0.136693,0.045556
0.0129442,0.0220971
0.138845,0.0666255
0.0267406,-0.0283351
0.0395785,-0.0545164
0.058959,0.0336288
-0.0708855,-0.0862802
-0.0188678,-0.12709
-0.138763,-0.00740483
0,0.03125
0.138763,-0.00740483
0.0188678,-0.12709
0.0708855,-0.0862802
-0.058959,0.0336288
-0.0395785,-0.0545164
-0.0267406,-0.0283351
-0.138845,0.0666255
-0.0129442,0.0220971
-0.136693,0.045556
-0.078039,0.0628453
0.0448615,0.0711494
-0.155284,0.0505411
0.032892,-0.0818654
0.239523,-0.0483512
0.0166127,0.022106
-0.1875,-1.14811e-017
-0.012196,0.0617556
0.118426,0.0129478
-0.0174628,-0.0267453
0.0397988,0.0744589
-0.0823599,0.0530066
-0.19464,0.0108785
-0.00701757,-0.016643
-0.0754442,-0.0220971
-0.0362665,0.0604994
0.0700465,0.00638803
-0.030576,0.0052924
0.0111235,0.0913712
-0.0200223,-0.0568179
-0.138841,-0.139283
-0.0939195,-0.055718
0,0.015625
0.0696883,-0.045826
0.104107,-0.0128467
0.042204,0.0173076
0.0894197,0.0710948
0.0664438,0.0519558
-0.131072,-0.130144
-0.0441651,-0.246032
0.0495558,-0.128791
-0.0659203,0.116339
0.0142413,0.0749528
-0.000346379,0.0273772
0.0603524,0.152478
0.0598651,0.011322
-0.126733,-0.0438923
0.0494926,0.0485845
0,0.03125
-0.0494926,0.0485845
0.126733,-0.0438923
-0.0598651,0.011322
-0.0603524,0.152478
0.000346379,0.0273772
-0.0142413,0.0749528
0.0659203,0.116339
-0.0495558,-0.128791
0.0441651,-0.246032
0.131072,-0.130144
-0.0664438,0.0519558
-0.0894197,0.0710948
-0.042204,0.0173076
-0.104107,-0.0128467
-0.0696883,-0.045826
0,0.0625
-0.136902,0.00451352
-0.102991,-0.083478
-0.00118138,0.0514999
-0.107725,-0.0344831
0.0138612,-0.0943454
0.0211988,-0.0140167
-0.02135,-0.0306723
0.137944,0.00379126
0.0275018,-0.0913432
-0.0875027,-0.0557926
-0.0555724,0.17105
0.0463418,0.0609106
0.0217104,-0.0593908
-0.0855388,0.0152171
0.0871671,0.06766
0,0.09375
-0.0871671,0.06766
0.0855388,0.0152171
-0.0217104,-0.0593908
-0.0463418,0.0609106
0.0555724,0.17105
0.0875027,-0.0557926
-0.0275018,-0.0913432
-0.137944,0.00379126
0.02135,-0.0306723
-0.0211988,-0.0140167
-0.0138612,-0.0943454
0.107725,-0.0344831
0.00118138,0.0514999
0.102991,-0.083478
0.136902,0.00451352
0,0.0625
0.0696883,-0.045826
0.104107,-0.0128467
0.042204,0.0173076
0.0894197,0.0710948
0.0664438,0.0519558
-0.131072,-0.130144
-0.0441651,-0.246032
0.0495558,-0.128791
-0.0659203,0.116339
0.0142413,0.0749528
-0.000346379,0.0273772
0.0603524,0.152478
0.0598651,0.011322
-0.126733,-0.0438923
0.0494926,0.0485845
-0.03125,0.015625
0.0544775,-0.164759
0.0748234,-0.0939795
-0.0672372,0.108232
0.0952935,0.130808
-0.0164474,0.0803545
-0.094871,-0.0287247
-0.0161219,0.00746166
0.00536165,0.128791
0.114279,0.0211256
-0.0560748,-0.0439455
-0.0505351,-0.0319669
0.0471961,-0.0800707
-0.0394059,-0.0652193
0.0499187,-0.0731645
-0.00478299,0.0242229
0,0.15625
0.00478299,0.0242229
-0.0499187,-0.0731645
0.0394059,-0.0652193
-0.0471961,-0.0800707
0.0505351,-0.0319669
0.0560748,-0.0439455
-0.114279,0.0211256
-0.00536165,0.128791
0.0161219,0.00746166
0.094871,-0.0287247
0.0164474,0.0803545
-0.0952935,0.130808
0.0672372,0.108232
-0.0748234,-0.0939795
-0.0544775,-0.164759
0.0625,3.82702e-018
-0.0608624,0.0338753
0.0350497,0.0314795
0.130405,0.00945445
0.224789,-0.0424195
0.131068,0.0129456
-0.117401,-0.0337753
0.0743883,-0.0688995
0.182138,-0.00379126
-0.0154598,-0.0480761
0.0571911,-0.0185545
0.13806,0.0270551
-0.102114,-0.0083176
-0.1013,0.0359213
0.0233427,0.0106645
-0.137826,0.0182729
0,0.09375
0.137826,0.0182729
-0.0233427,0.0106645
0.1013,0.0359213
0.102114,-0.0083176
-0.13806,0.0270551
-0.0571911,-0.0185545
0.0154598,-0.0480761
-0.182138,-0.00379126
-0.0743883,-0.0688995
0.117401,-0.0337753
-0.131068,0.0129456
-0.224789,-0.0424195
-0.130405,0.00945445
-0.0350497,0.0314795
0.0608624,0.0338753
-0.0625,-3.82702e-018
0.0544775,-0.164759
0.0748234,-0.0939795
-0.0672372,0.108232
0.0952935,0.130808
-0.0164474,0.0803545
-0.094871,-0.0287247
-0.0161219,0.00746166
0.00536165,0.128791
0.114279,0.0211256
-0.0560748,-0.0439455
-0.0505351,-0.0319669
0.0471961,-0.0800707
-0.0394059,-0.0652193
0.0499187,-0.0731645
-0.00478299,0.0242229
-0.015625,0.0625
0.0315285,-0.0180081
0.0449188,0.0211384
0.16925,-0.0299797
0.056153,-0.0655019
0.0092621,-0.087079
0.0229943,0.103626
-0.00912863,0.180104
0.0587087,0.0808058
-0.0136335,0.131535
-0.0403278,-0.0660694
-0.0100894,-0.0725525
0.0153229,0.118095
-0.0181974,-0.0918924
-0.076969,0.0355963
0.0775036,0.120254
0,-0.09375
-0.0775036,0.120254
0.076969,0.0355963
0.0181974,-0.0918924
-0.0153229,0.118095
0.0100894,-0.0725525
0.0403278,-0.0660694
0.0136335,0.131535
-0.0587087,0.0808058
0.00912863,0.180104
-0.0229943,0.103626
-0.0092621,-0.087079
-0.056153,-0.0655019
-0.16925,-0.0299797
-0.0449188,0.0211384
-0.0315285,-0.0180081
0.03125,-0.03125
0.102078,0.0139308
-0.011094,-0.0633619
0.000264509,-0.0210273
0.0322353,0.0838078
0.00579196,0.0104152
-0.104654,-0.152578
0.00121715,-0.0859398
0.191291,0.169194
0.00572206,0.0665629
-0.0413324,-0.0983672
0.0251435,0.020275
0.0730654,-0.0114007
0.187712,-0.0817127
0.110794,-0.0299844
0.0561027,-0.0548848
0,-0.09375
-0.0561027,-0.0548848
-0.110794,-0.0299844
-0.187712,-0.0817127
-0.0730654,-0.0114007
-0.0251435,0.020275
0.0413324,-0.0983672
-0.00572206,0.0665629
-0.191291,0.169194
-0.00121715,-0.0859398
0.104654,-0.152578
-0.00579196,0.0104152
-0.0322353,0.0838078
-0.000264509,-0.0210273
0.011094,-0.0633619
-0.102078,0.0139308
-0.03125,-0.03125
0.0315285,-0.0180081
0.0449188,0.0211384
0.16925,-0.0299797
0.056153,-0.0655019
0.0092621,-0.087079
0.0229943,0.103626
-0.00912863,0.180104
0.0587087,0.0808058
-0.0136335,0.131535
-0.0403278,-0.0660694
-0.0100894,-0.0725525
0.0153229,0.118095
-0.0181974,-0.0918924
-0.076969,0.0355963
0.0775036,0.120254
-0.03125,-0.09375
0.00142136,0.0232261
0.017616,0.14708
0.0292445,0.173801
0.10333,0.102495
0.120998,-0.00389746
-0.0426583,0.00599643
-0.0399141,0.000735498
0.150888,-0.128791
0.042495,-0.0661138
0.022575,0.0830911
0.0827135,-0.0321254
-0.0794124,-0.104743
-0.0940297,-0.0082391
0.064644,-0.0253309
0.146232,-0.00939723
0,0.0625
-0.146232,-0.00939723
-0.064644,-0.0253309
0.0940297,-0.0082391
0.0794124,-0.104743
-0.0827135,-0.0321254
-0.022575,0.0830911
-0.042495,-0.0661138
-0.150888,-0.128791
0.0399141,0.000735498
0.0426583,0.00599643
-0.120998,-0.00389746
-0.10333,0.102495
-0.0292445,0.173801
-0.017616,0.14708
-0.00142136,0.0232261
0.0625,-0.09375
-0.0459181,-0.0941989
-0.0367762,-0.0518714
0.0800538,0.0270192
0.0216699,0.0925877
-0.0107277,0.0344045
-0.0536664,0.0282907
0.0486236,0.0872034
-0.0258883,0.00379126
-0.179524,-0.062378
0.00610022,-0.0289898
-0.0991516,-0.0254782
-0.0455876,0.0346601
0.0033959,0.0112926
-0.208804,-0.158266
0.0903087,-0.0558537
0,0.125
-0.0903087,-0.0558537
0.208804,-0.158266
-0.0033959,0.0112926
0.0455876,0.0346601
0.0991516,-0.0254782
-0.00610022,-0.0289898
0.179524,-0.062378
0.0258883,0.00379126
-0.0486236,0.0872034
0.0536664,0.0282907
0.0107277,0.0344045
-0.0216699,0.0925877
-0.0800538,0.0270192
0.0367762,-0.0518714
0.0459181,-0.0941989
-0.0625,-0.09375
0.00142136,0.0232261
0.017616,0.14708
0.0292445,0.173801
0.10333,0.102495
0.120998,-0.00389746
-0.0426583,0.00599643
-0.0399141,0.000735498
0.150888,-0.128791
0.042495,-0.0661138
0.022575,0.0830911
0.0827135,-0.0321254
-0.0794124,-0.104743
-0.0940297,-0.0082391
0.064644,-0.0253309
0.146232,-0.00939723
0.046875,0.0625
-0.112171,-0.0629485
-0.00131283,-0.0877317
0.0345737,0.0757935
-0.00419939,0.0473731
0.0522358,0.0731253
0.0310919,0.0560508
-0.0314261,-0.111633
-0.0533471,-0.0625
0.0737326,-0.0144076
0.0822095,-0.0510003
0.0700337,0.00617678
0.123048,-0.0613837
-0.0484566,-0.118197
-0.0944463,0.00390262
0.0430207,0.00867256
0,-0.0625
-0.0430207,0.00867256
0.0944463,0.00390262
0.0484566,-0.118197
-0.123048,-0.0613837
-0.0700337,0.00617678
-0.0822095,-0.0510003
-0.0737326,-0.0144076
0.0533471,-0.0625
0.0314261,-0.111633
-0.0310919,0.0560508
-0.0522358,0.0731253
0.00419939,0.0473731
-0.0345737,0.0757935
0.00131283,-0.0877317
0.112171,-0.0629485
-0.09375,0.0625
-0.0559922,0.0336903
0.0356,0.121556
-0.100191,0.00534606
-0.0141064,-0.135761
0.0327847,0.0888615
0.152505,0.0256094
0.1545,-0.171681
-0.00915291,-0.0625
0.0398264,-0.042375
0.012999,-0.0306599
0.0921514,0.0762626
-0.0163542,0.149772
-0.189996,0.146185
0.040345,-0.0377274
0.0293009,0.00712927
0,0.1875
-0.0293009,0.00712927
-0.040345,-0.0377274
0.189996,0.146185
0.0163542,0.149772
-0.0921514,0.0762626
-0.012999,-0.0306599
-0.0398264,-0.042375
0.00915291,-0.0625
-0.1545,-0.171681
-0.152505,0.0256094
-0.0327847,0.0888615
0.0141064,-0.135761
0.100191,0.00534606
-0.0356,0.121556
0.0559922,0.0336903
0.09375,0.0625
-0.112171,-0.0629485
-0.00131283,-0.0877317
0.0345737,0.0757935
-0.00419939,0.0473731
0.0522358,0.0731253
0.0310919,0.0560508
-0.0314261,-0.111633
-0.0533471,-0.0625
0.0737326,-0.0144076
0.0822095,-0.0510003
0.0700337,0.00617678
0.123048,-0.0613837
-0.0484566,-0.118197
-0.0944463,0.00390262
0.0430207,0.00867256
-0.03125,-3.46945e-018
0.167233,-0.0925432
0.104644,-0.208107
0.0390274,0.0292973
-2.46699e-018,0.0340559
-0.0432268,0.0751324
0.0152207,0.0997431
0.000242188,-0.110125
0.0441942,-0.18593
0.109513,0.00593929
0.0101702,0.0934281
-0.0400903,-0.0192693
-3.01688e-018,0.00677415
0.0611126,0.05631
0.020815,0.0631651
-0.108978,0.0654931
0,0.03125
0.108978,0.0654931
-0.020815,0.0631651
-0.0611126,0.05631
0,0.00677415
0.0400903,-0.0192693
-0.0101702,0.0934281
-0.109513,0.00593929
-0.0441942,-0.18593
-0.000242188,-0.110125
-0.0152207,0.0997431
0.0432268,0.0751324
-4.8225e-018,0.0340559
-0.0390274,0.0292973
-0.104644,-0.208107
-0.167233,-0.0925432
0.0625,0.0625
0.0875887,-0.130432
-0.104644,-0.0977025
0.0112473,-0.0807956
-1.00245e-018,0.0101382
-0.10526,0.0366603
-0.0152207,-0.0389137
-0.0816843,0.22512
-0.0441942,0.12343
0.110821,-0.00544995
-0.0101702,0.110908
-0.0566196,-0.044688
9.19244e-018,-0.0509683
-0.0626146,-0.0526471
-0.020815,-0.0225202
0.0620236,0.0419972
0,-0.03125
-0.0620236,0.0419972
0.020815,-0.0225202
0.0626146,-0.0526471
3.46945e-018,-0.0509683
0.0566196,-0.044688
0.0101702,0.110908
-0.110821,-0.00544995
0.0441942,0.12343
0.0816843,0.22512
0.0152207,-0.0389137
0.10526,0.0366603
-1.35306e-018,0.0101382
-0.0112473,-0.0807956
0.104644,-0.0977025
-0.0875887,-0.130432
-0.0625,0.0625
0.167233,-0.0925432
0.104644,-0.208107
0.0390274,0.0292973
-2.46699e-018,0.0340559
-0.0432268,0.0751324
0.0152207,0.0997431
0.000242188,-0.110125
0.0441942,-0.18593
0.109513,0.00593929
0.0101702,0.0934281
-0.0400903,-0.0192693
-3.01688e-018,0.00677415
0.0611126,0.05631
0.020815,0.0631651
-0.108978,0.0654931
-0.0625,0.09375
0.00295995,-0.0800579
0.0699397,-0.0302777
-0.105247,0.135137
0.0220971,0.0947353
0.0258721,-0.150439
0.0475542,-0.140126
0.163637,-0.0782024
-0.03125,-0.0975413
-0.0665077,0.178502
-0.00731192,0.145061
0.00780572,-0.0656052
0.0220971,-0.0105654
-0.0134185,-0.126797
0.0347191,-0.0894476
0.000672881,-0.050955
0,-0.1875
-0.000672881,-0.050955
-0.0347191,-0.0894476
0.0134185,-0.126797
-0.0220971,-0.0105654
-0.00780572,-0.0656052
0.00731192,0.145061
0.0665077,0.178502
0.03125,-0.0975413
-0.163637,-0.0782024
-0.0475542,-0.140126
-0.0258721,-0.150439
-0.0220971,0.0947353
0.105247,0.135137
-0.0699397,-0.0302777
-0.00295995,-0.0800579
0.125,0.15625
-0.000217081,0.144154
0.0136912,-0.110241
0.0335787,0.0407829
0.0220971,0.118653
0.0399537,-0.00245958
0.0794164,0.0401604
0.0141837,0.0198506
-0.03125,0.0350413
-0.0073798,0.0160738
-0.167494,-0.0817066
-0.0980178,0.0146308
0.0220971,0.0471771
-0.0375112,-0.0220266
-0.00286497,0.0165781
-0.072862,0.0274118
0,0
0.072862,0.0274118
0.00286497,0.0165781
0.0375112,-0.0220266
-0.0220971,0.0471771
0.0980178,0.0146308
0.167494,-0.0817066
0.0073798,0.0160738
0.03125,0.0350413
-0.0141837,0.0198506
-0.0794164,0.0401604
-0.0399537,-0.00245958
-0.0220971,0.118653
-0.0335787,0.0407829
-0.0136912,-0.110241
0.000217081,0.144154
-0.125,0.15625
0.00295995,-0.0800579
0.0699397,-0.0302777
-0.105247,0.135137
0.0220971,0.0947353
0.0258721,-0.150439
0.0475542,-0.140126
0.163637,-0.0782024
-0.03125,-0.0975413
-0.0665077,0.178502
-0.00731192,0.145061
0.00780572,-0.0656052
0.0220971,-0.0105654
-0.0134185,-0.126797
0.0347191,-0.0894476
0.000672881,-0.050955
0.015625,-0.0625
0.116416,-0.0809951
-0.107927,0.0398884
-0.00899859,-0.0829115
0.0634853,-0.049983
-0.0362879,0.108718
0.0341743,0.00924921
0.025272,0.116407
-0.0220971,0.0129442
-0.0853422,-0.0384366
-0.203628,0.0785141
-0.0576057,-0.0807374
0.0418154,-0.0702595
-0.110861,-0.0870183
-0.0733269,-0.0603404
0.0633612,0.0454779
0,0
-0.0633612,0.0454779
0.0733269,-0.0603404
0.110861,-0.0870183
-0.0418154,-0.0702595
0.0576057,-0.0807374
0.203628,0.0785141
0.0853422,-0.0384366
0.0220971,0.0129442
-0.025272,0.116407
-0.0341743,0.00924921
0.0362879,0.108718
-0.0634853,-0.049983
0.00899859,-0.0829115
0.107927,0.0398884
-0.116416,-0.0809951
-0.03125,0.0625
0.136252,0.0852767
-0.0545392,-0.00130608
-0.0208681,0.0632424
0.087403,0.0316772
0.019619,0.112763
0.101195,0.110993
0.136661,-0.0441002
0.0220971,-0.0754442
-0.0315305,-0.0338706
0.000609327,-0.0737566
0.0211227,-0.140744
-0.0159271,-0.0364347
0.0611798,0.106687
0.0724725,0.146758
-0.0894979,-0.0497595
0,-0.25
0.0894979,-0.0497595
-0.0724725,0.146758
-0.0611798,0.106687
0.0159271,-0.0364347
-0.0211227,-0.140744
-0.000609327,-0.0737566
0.0315305,-0.0338706
-0.0220971,-0.0754442
-0.136661,-0.0441002
-0.101195,0.110993
-0.019619,0.112763
-0.087403,0.0316772
0.0208681,0.0632424
0.0545392,-0.00130608
-0.136252,0.0852767
0.03125,0.0625
0.116416,-0.0809951
-0.107927,0.0398884
-0.00899859,-0.0829115
0.0634853,-0.049983
-0.0362879,0.108718
0.0341743,0.00924921
0.025272,0.116407
-0.0220971,0.0129442
-0.0853422,-0.0384366
-0.203628,0.0785141
-0.0576057,-0.0807374
0.0418154,-0.0702595
-0.110861,-0.0870183
-0.0733269,-0.0603404
0.0633612,0.0454779
0.046875,-0.078125
0.103016,-0.0170596
-0.0256356,-0.0229395
0.00265716,-0.0375551
0.0692741,-0.0135483
-0.0701716,-0.246788
0.0934804,-0.0788583
0.128682,0.151594
-0.0792354,0.0754442
0.0436911,-0.0222522
0.0819977,-0.0613581
-0.059657,-0.00502244
-0.0726382,-0.0202765
-0.00989739,0.00915569
0.0486946,0.0578015
0.0158014,0.0914874
0,0.15625
-0.0158014,0.0914874
-0.0486946,0.0578015
0.00989739,0.00915569
0.0726382,-0.0202765
0.059657,-0.00502244
-0.0819977,-0.0613581
-0.0436911,-0.0222522
0.0792354,0.0754442
-0.128682,0.151594
-0.0934804,-0.0788583
0.0701716,-0.246788
-0.0692741,-0.0135483
-0.00265716,-0.0375551
0.0256356,-0.0229395
-0.103016,-0.0170596
-0.09375,-0.15625
-0.118579,0.0478117
-0.0321069,0.033309
0.0323685,0.0121955
0.0115317,0.101937
0.0293032,-0.0992986
-0.0695627,-0.0469961
0.0674454,0.0363935
0.141735,-0.0129442
-0.135884,0.0588764
-0.0580799,0.0988241
0.0761391,0.0588475
-0.0965559,-0.0681119
-0.147726,-0.0450878
-0.106437,0.0202174
-0.0696847,0.00670173
0,0.03125
0.0696847,0.00670173
0.106437,0.0202174
0.147726,-0.0450878
0.0965559,-0.0681119
-0.0761391,0.0588475
0.0580799,0.0988241
0.135884,0.0588764
-0.141735,-0.0129442
-0.0674454,0.0363935
0.0695627,-0.0469961
-0.0293032,-0.0992986
-0.0115317,0.101937
-0.0323685,0.0121955
0.0321069,0.033309
0.118579,0.0478117
0.09375,-0.15625
0.103016,-0.0170596
-0.0256356,-0.0229395
0.00265716,-0.0375551
0.0692741,-0.0135483
-0.0701716,-0.246788
0.0934804,-0.0788583
0.128682,0.151594
-0.0792354,0.0754442
0.0436911,-0.0222522
0.0819977,-0.0613581
-0.059657,-0.00502244
-0.0726382,-0.0202765
-0.00989739,0.00915569
0.0486946,0.0578015
0.0158014,0.0914874
0.046875,0.15625
0.155063,-0.0886781
-0.0752793,0.0206637
-0.173581,0.145399
0.00280594,-0.0106964
0.0650401,-0.0565767
0.0432552,-0.0572438
0.0573479,-0.00326274
-0.00915291,-0.0571383
-0.0813562,0.0324696
-0.0602151,0.048259
0.00033463,-0.107254
0.0244759,0.087599
-0.0440525,0.105366
-0.101519,0.0582265
-0.0560681,0.13695
0,0.09375
0.0560681,0.13695
0.101519,0.0582265
0.0440525,0.105366
-0.0244759,0.087599
-0.00033463,-0.107254
0.0602151,0.048259
0.0813562,0.0324696
0.00915291,-0.0571383
-0.0573479,-0.00326274
-0.0432552,-0.0572438
-0.0650401,-0.0565767
-0.00280594,-0.0106964
0.173581,0.145399
0.0752793,0.0206637
-0.155063,-0.0886781
-0.09375,0.15625
-0.00944576,0.00923695
-0.0537539,-0.116988
-0.0155696,-0.103513
-0.0211118,-0.140192
-0.0317047,0.00149244
0.0726921,-0.0869164
0.0279751,-0.00803202
-0.0533471,0.119638
0.0511943,-0.0888244
0.087774,-0.0290988
0.0808362,-0.000982232
0.0822183,-0.0617107
-0.0972626,0.0160678
-0.115902,-0.0869017
0.0862007,0.0101407
0,0.21875
-0.0862007,0.0101407
0.115902,-0.0869017
0.0972626,0.0160678
-0.0822183,-0.0617107
-0.0808362,-0.000982232
-0.087774,-0.0290988
-0.0511943,-0.0888244
0.0533471,0.119638
-0.0279751,-0.00803202
-0.0726921,-0.0869164
0.0317047,0.00149244
0.0211118,-0.140192
0.0155696,-0.103513
0.0537539,-0.116988
0.00944576,0.00923695
0.09375,0.15625
0.155063,-0.0886781
-0.0752793,0.0206637
-0.173581,0.145399
0.00280594,-0.0106964
0.0650401,-0.0565767
0.0432552,-0.0572438
0.0573479,-0.00326274
-0.00915291,-0.0571383
-0.0813562,0.0324696
-0.0602151,0.048259
0.00033463,-0.107254
0.0244759,0.087599
-0.0440525,0.105366
-0.101519,0.0582265
-0.0560681,0.13695
0.09375,0.078125
0.0945757,-0.000752892
-0.157528,0.0239432
-0.0303626,0.208852
0.0352182,-0.0171436
0.0826646,-0.0143456
0.0893797,0.113308
-0.060456,-0.0538547
-0.0883883,0.0350413
0.0185453,0.0147516
0.181506,-0.103513
0.051317,0.00324336
-0.0658641,-0.0476042
0.0393409,-0.076206
-0.0156244,-0.0374768
-0.0087897,-0.0188362
0,0.03125
0.0087897,-0.0188362
0.0156244,-0.0374768
-0.0393409,-0.076206
0.0658641,-0.0476042
-0.051317,0.00324336
-0.181506,-0.103513
-0.0185453,0.0147516
0.0883883,0.0350413
0.060456,-0.0538547
-0.0893797,0.113308
-0.0826646,-0.0143456
-0.0352182,-0.0171436
0.0303626,0.208852
0.157528,0.0239432
-0.0945757,-0.000752892
-0.1875,0.0625
-0.0227434,0.0088761
-0.0801701,0.111818
-0.0962974,-0.0180032
0.00139345,-0.0270506
0.0758576,0.153313
-0.0482725,-0.0519245
-0.0489603,-0.193349
0.0883883,-0.0975413
-0.00296154,-0.0598096
0.0363779,-0.0462595
-0.0177948,-0.0132696
-0.147524,0.0917984
-0.0410009,0.109969
-0.045297,-0.00989625
-0.0443781,-0.0505787
0,-0.03125
0.0443781,-0.0505787
0.045297,-0.00989625
0.0410009,0.109969
0.147524,0.0917984
0.0177948,-0.0132696
-0.0363779,-0.0462595
0.00296154,-0.0598096
-0.0883883,-0.0975413
0.0489603,-0.193349
0.0482725,-0.0519245
-0.0758576,0.153313
-0.00139345,-0.0270506
0.0962974,-0.0180032
0.0801701,0.111818
0.0227434,0.0088761
0.1875,0.0625
0.0945757,-0.000752892
-0.157528,0.0239432
-0.0303626,0.208852
0.0352182,-0.0171436
0.0826646,-0.0143456
0.0893797,0.113308
-0.060456,-0.0538547
-0.0883883,0.0350413
0.0185453,0.0147516
0.181506,-0.103513
0.051317,0.00324336
-0.0658641,-0.0476042
0.0393409,-0.076206
-0.0156244,-0.0374768
-0.0087897,-0.0188362
-0.015625,0.03125
0.100949,-0.00243734
-0.115643,0.00311172
0.0128939,0.0182864
0.0346601,-0.0382553
-0.0408744,0.0546732
0.173532,0.16503
0.0249153,0.0737233
-0.160041,0.03125
-0.0380677,0.0852806
0.0178983,0.0630505
-0.0712211,-0.0102045
-0.102495,-0.129823
-0.0157759,-0.146311
-0.071236,0.0465379
-0.150511,0.134421
0,0.09375
0.150511,0.134421
0.071236,0.0465379
0.0157759,-0.146311
0.102495,-0.129823
0.0712211,-0.0102045
-0.0178983,0.0630505
0.0380677,0.0852806
0.160041,0.03125
-0.0249153,0.0737233
-0.173532,0.16503
0.0408744,0.0546732
-0.0346601,-0.0382553
-0.0128939,0.0182864
0.115643,0.00311172
-0.100949,-0.00243734
0.03125,0.03125
0.115711,-0.0400585
0.00577004,-0.0509471
-0.00690987,0.0110117
-0.104743,-0.0242447
0.0906126,-0.0497614
0.0387404,-0.0495447
-0.140196,-0.0467728
-0.0274587,0.03125
-0.14263,-0.0238427
-0.0190145,-0.178535
0.0645336,-0.0830956
-0.0925877,0.0673226
0.0385574,0.0286245
-0.00202542,0.00129752
-0.125023,-0.00353697
0,-0.03125
0.125023,-0.00353697
0.00202542,0.00129752
-0.0385574,0.0286245
0.0925877,0.0673226
-0.0645336,-0.0830956
0.0190145,-0.178535
0.14263,-0.0238427
0.0274587,0.03125
0.140196,-0.0467728
-0.0387404,-0.0495447
-0.0906126,-0.0497614
0.104743,-0.0242447
0.00690987,0.0110117
-0.00577004,-0.0509471
-0.115711,-0.0400585
-0.03125,0.03125
0.100949,-0.00243734
-0.115643,0.00311172
0.0128939,0.0182864
0.0346601,-0.0382553
-0.0408744,0.0546732
0.173532,0.16503
0.0249153,0.0737233
-0.160041,0.03125
-0.0380677,0.0852806
0.0178983,0.0630505
-0.0712211,-0.0102045
-0.102495,-0.129823
-0.0157759,-0.146311
-0.071236,0.0465379
-0.150511,0.134421
-0.078125,-6.93889e-018
-0.0671357,-0.0639629
0.0554195,0.0202347
-0.142712,-0.0125985
-0.0206846,0.0460148
0.040207,-0.079294
-0.0315567,-0.0986488
0.0634866,0.0338075
0.0404029,-0.0441942
0.0233477,0.0149312
-0.00987588,-0.00528485
0.048076,-0.0642145
0.149903,0.0356454
0.0921122,-0.0939326
-0.0520967,-0.044621
-0.214324,0.0901522
0,0.03125
0.214324,0.0901522
0.0520967,-0.044621
-0.0921122,-0.0939326
-0.149903,0.0356454
-0.048076,-0.0642145
0.00987588,-0.00528485
-0.0233477,0.0149312
-0.0404029,-0.0441942
-0.0634866,0.0338075
0.0315567,-0.0986488
-0.040207,-0.079294
0.0206846,0.0460148
0.142712,-0.0125985
-0.0554195,0.0202347
0.0671357,-0.0639629
0.15625,-0.09375
0.019028,0.0043622
0.0564242,-0.0779772
-0.0510222,-0.0542645
-0.0784271,-0.00182063
0.0136565,0.00528841
-0.0875695,0.0747311
-0.132661,0.025144
0.0845971,0.0441942
0.0803138,0.102894
-0.197639,0.0292026
-0.00372757,-0.0385567
0.125985,-0.0798396
-0.045362,-0.0159811
0.075552,0.102363
0.089052,0.146225
0,0.15625
-0.089052,0.146225
-0.075552,0.102363
0.045362,-0.0159811
-0.125985,-0.0798396
0.00372757,-0.0385567
0.197639,0.0292026
-0.0803138,0.102894
-0.0845971,0.0441942
0.132661,0.025144
0.0875695,0.0747311
-0.0136565,0.00528841
0.0784271,-0.00182063
0.0510222,-0.0542645
-0.0564242,-0.0779772
-0.019028,0.0043622
-0.15625,-0.09375
-0.0671357,-0.0639629
0.0554195,0.0202347
-0.142712,-0.0125985
-0.0206846,0.0460148
0.040207,-0.079294
-0.0315567,-0.0986488
0.0634866,0.0338075
0.0404029,-0.0441942
0.0233477,0.0149312
-0.00987588,-0.00528485
0.048076,-0.0642145
0.149903,0.0356454
0.0921122,-0.0939326
-0.0520967,-0.044621
-0.214324,0.0901522
0.015625,0.046875
0.0183023,-0.0308691
0.0648808,-0.0413652
0.128383,-0.0871307
-0.0595171,-0.0845971
0.0190852,-0.00201808
0.0882638,0.0452074
-0.0998575,0.0927713
-0.128791,0.0495558
-0.0548235,-0.029776
0.102172,-0.0716445
0.0305852,-0.0625621
-0.0764295,-0.0404029
0.0502886,-0.0270016
0.0137518,0.113298
-0.0209452,0.0825478
0,-0.0625
0.0209452,0.0825478
-0.0137518,0.113298
-0.0502886,-0.0270016
0.0764295,-0.0404029
-0.0305852,-0.0625621
-0.102172,-0.0716445
0.0548235,-0.029776
0.128791,0.0495558
0.0998575,0.0927713
-0.0882638,0.0452074
-0.0190852,-0.00201808
0.0595171,-0.0845971
-0.128383,-0.0871307
-0.0648808,-0.0413652
-0.0183023,-0.0308691
-0.03125,0.0625
0.049484,0.0556852
0.0167794,-0.0267467
-0.115201,-0.113571
-0.11726,-0.0845971
0.0771333,0.153614
-0.054439,0.0567293
-0.162598,-0.0308974
0.00379126,0.137944
-0.0826324,-0.0122838
-0.0683472,0.0580962
-0.0593667,0.189772
-0.100347,-0.0404029
0.0878933,-0.051102
0.0679083,-0.133574
-0.0362685,-0.127178
0,0.0625
0.0362685,-0.127178
-0.0679083,-0.133574
-0.0878933,-0.051102
0.100347,-0.0404029
0.0593667,0.189772
0.0683472,0.0580962
0.0826324,-0.0122838
-0.00379126,0.137944
0.162598,-0.0308974
0.054439,0.0567293
-0.0771333,0.153614
0.11726,-0.0845971
0.115201,-0.113571
-0.0167794,-0.0267467
-0.049484,0.0556852
0.03125,0.0625
0.0183023,-0.0308691
0.0648808,-0.0413652
0.128383,-0.0871307
-0.0595171,-0.0845971
0.0190852,-0.00201808
0.0882638,0.0452074
-0.0998575,0.0927713
-0.128791,0.0495558
-0.0548235,-0.029776
0.102172,-0.0716445
0.0305852,-0.0625621
-0.0764295,-0.0404029
0.0502886,-0.0270016
0.0137518,0.113298
-0.0209452,0.0825478
0.015625,0.015625
-0.13402,0.000647866
-0.0723261,0.0184806
0.0498235,0.11048
-0.0557259,-0.188354
-0.10297,-0.0739157
-0.0481355,0.0570358
-0.0953364,-0.057724
-0.0716529,0.0754442
-0.00212755,0.127182
-0.0823681,-0.0092931
-0.0665611,-0.0957281
0.0523618,-0.0521306
-0.0502252,0.0378164
-0.165101,0.0738308
-0.0732065,-0.00694391
0,-0.09375
0.0732065,-0.00694391
0.165101,0.0738308
0.0502252,0.0378164
-0.0523618,-0.0521306
0.0665611,-0.0957281
0.0823681,-0.0092931
0.00212755,0.127182
0.0716529,0.0754442
0.0953364,-0.057724
0.0481355,0.0570358
0.10297,-0.0739157
0.0557259,-0.188354
-0.0498235,0.11048
0.0723261,0.0184806
0.13402,0.000647866
-0.03125,0.09375
-0.0289048,-0.0912897
0.0770837,0.0543888
-0.0344035,0.0180322
-0.113468,-0.025034
-0.00044018,0.100141
0.0095532,-0.12039
-0.114347,-0.0758184
-0.115847,-0.0129442
0.0441528,-0.034193
0.168786,0.109259
0.119189,0.0424061
0.0284441,0.0155189
0.0449063,0.0375443
0.0448585,0.0666882
-0.0147866,-0.038638
0,-0.21875
0.0147866,-0.038638
-0.0448585,0.0666882
-0.0449063,0.0375443
-0.0284441,0.0155189
-0.119189,0.0424061
-0.168786,0.109259
-0.0441528,-0.034193
0.115847,-0.0129442
0.114347,-0.0758184
-0.0095532,-0.12039
0.00044018,0.100141
0.113468,-0.025034
0.0344035,0.0180322
-0.0770837,0.0543888
0.0289048,-0.0912897
0.03125,0.09375
-0.13402,0.000647866
-0.0723261,0.0184806
0.0498235,0.11048
-0.0557259,-0.188354
-0.10297,-0.0739157
-0.0481355,0.0570358
-0.0953364,-0.057724
-0.0716529,0.0754442
-0.00212755,0.127182
-0.0823681,-0.0092931
-0.0665611,-0.0957281
0.0523618,-0.0521306
-0.0502252,0.0378164
-0.165101,0.0738308
-0.0732065,-0.00694391
-0.03125,-0.046875
0.192785,-0.0880754
0.0988114,0.000197642
0.061262,-0.0429432
0.0390095,0.0601212
-0.0429576,0.120262
0.137709,-0.0364842
0.0821086,0.0650742
-0.03125,0.0220971
0.121218,-0.0832093
0.00229308,-0.0178802
-0.0693101,-0.0184426
0.0629272,0.0192911
0.0241757,-0.0828303
-0.0383355,-0.0606475
-0.0493194,0.031691
0,-0.03125
0.0493194,0.031691
0.0383355,-0.0606475
-0.0241757,-0.0828303
-0.0629272,0.0192911
0.0693101,-0.0184426
-0.00229308,-0.0178802
-0.121218,-0.0832093
0.03125,0.0220971
-0.0821086,0.0650742
-0.137709,-0.0364842
0.0429576,0.120262
-0.0390095,0.0601212
-0.061262,-0.0429432
-0.0988114,0.000197642
-0.192785,-0.0880754
0.0625,3.82702e-018
0.256824,0.16552
0.109819,0.125657
-0.0639914,0.00516659
0.00518471,0.00237876
0.0541294,-0.0106914
-0.135739,-0.0415347
-0.114049,0.00211859
-0.03125,-0.0220971
-0.103091,0.0565695
-0.0520991,0.00751075
-0.0237792,-0.0640313
-0.018733,0.0432089
-0.057943,-0.0832663
-0.0548103,0.0231815
0.12222,0.0270886
0,-0.21875
-0.12222,0.0270886
0.0548103,0.0231815
0.057943,-0.0832663
0.018733,0.0432089
0.0237792,-0.0640313
0.0520991,0.00751075
0.103091,0.0565695
0.03125,-0.0220971
0.114049,0.00211859
0.135739,-0.0415347
-0.0541294,-0.0106914
-0.00518471,0.00237876
0.0639914,0.00516659
-0.109819,0.125657
-0.256824,0.16552
-0.0625,-3.82702e-018
0.192785,-0.0880754
0.0988114,0.000197642
0.061262,-0.0429432
0.0390095,0.0601212
-0.0429576,0.120262
0.137709,-0.0364842
0.0821086,0.0650742
-0.03125,0.0220971
0.121218,-0.0832093
0.00229308,-0.0178802
-0.0693101,-0.0184426
0.0629272,0.0192911
0.0241757,-0.0828303
-0.0383355,-0.0606475
-0.0493194,0.031691
0,0.03125
-0.101812,-0.112388
0.0692297,-0.000417249
0.161407,-0.0471612
-0.0101842,-0.126412
0.0579503,0.125055
0.110061,0.10805
-0.0621765,0.0308225
-0.0441942,-0.0662913
-0.0435152,-0.0671428
-0.118516,0.0248567
0.052757,-0.00447477
0.081383,0.0470001
-0.155067,-0.0612889
-0.157468,-0.0402056
0.00287222,0.067733
0,0
-0.00287222,0.067733
0.157468,-0.0402056
0.155067,-0.0612889
-0.081383,0.0470001
-0.052757,-0.00447477
0.118516,0.0248567
0.0435152,-0.0671428
0.0441942,-0.0662913
0.0621765,0.0308225
-0.110061,0.10805
-0.0579503,0.125055
0.0101842,-0.126412
-0.161407,-0.0471612
-0.0692297,-0.000417249
0.101812,-0.112388
0,0.09375
-0.0166685,0.0176146
0.0816586,0.0139655
0.162743,0.072382
0.186961,-0.06867
0.00775163,0.0779545
-0.0841729,-0.0399386
0.0334598,-0.177477
0.0441942,0.0662913
0.0458364,0.0775737
0.092628,-0.0045802
0.063013,0.00533863
0.0953937,0.0230824
0.102509,0.00897154
0.0065797,-0.061731
-0.0170913,-0.0135126
0,0.0625
0.0170913,-0.0135126
-0.0065797,-0.061731
-0.102509,0.00897154
-0.0953937,0.0230824
-0.063013,0.00533863
-0.092628,-0.0045802
-0.0458364,0.0775737
-0.0441942,0.0662913
-0.0334598,-0.177477
0.0841729,-0.0399386
-0.00775163,0.0779545
-0.186961,-0.06867
-0.162743,0.072382
-0.0816586,0.0139655
0.0166685,0.0176146
0,0.09375
-0.101812,-0.112388
0.0692297,-0.000417249
0.161407,-0.0471612
-0.0101842,-0.126412
0.0579503,0.125055
0.110061,0.10805
-0.0621765,0.0308225
-0.0441942,-0.0662913
-0.0435152,-0.0671428
-0.118516,0.0248567
0.052757,-0.00447477
0.081383,0.0470001
-0.155067,-0.0612889
-0.157468,-0.0402056
0.00287222,0.067733
0.015625,0.015625
0.0758071,-0.19495
0.029651,-0.103232
-0.00554416,0.061618
-0.043636,-0.00303713
-0.0225489,0.102493
0.0483148,-0.0163606
0.0632868,0.00976165
-0.0350413,0.119638
-0.0897507,-0.0578409
0.0446047,0.0283574
0.111684,0.0251765
-0.00756347,-0.0639585
-0.0209035,0.102524
0.0475939,0.079501
0.018172,0.060883
0,0.15625
-0.018172,0.060883
-0.0475939,0.079501
0.0209035,0.102524
0.00756347,-0.0639585
-0.111684,0.0251765
-0.0446047,0.0283574
0.0897507,-0.0578409
0.0350413,0.119638
-0.0632868,0.00976165
-0.0483148,-0.0163606
0.0225489,0.102493
0.043636,-0.00303713
0.00554416,0.061618
-0.029651,-0.103232
-0.0758071,-0.19495
-0.03125,0.03125
0.134227,-0.0239481
0.0722856,-0.0409282
-0.100676,-0.0621093
0.0619419,-0.0228512
0.163201,0.0859636
-0.0280383,-0.0123146
0.0170064,0.01107
0.0975413,-0.0571383
-0.108761,-0.139767
-0.112717,-0.124682
0.00915442,-0.0368564
-0.0991307,0.214847
-0.10513,0.074744
-0.0340456,-0.0603408
-0.0869434,-0.0187617
0,-0.09375
0.0869434,-0.0187617
0.0340456,-0.0603408
0.10513,0.074744
0.0991307,0.214847
-0.00915442,-0.0368564
0.112717,-0.124682
0.108761,-0.139767
-0.0975413,-0.0571383
-0.0170064,0.01107
0.0280383,-0.0123146
-0.163201,0.0859636
-0.0619419,-0.0228512
0.100676,-0.0621093
-0.0722856,-0.0409282
-0.134227,-0.0239481
0.03125,0.03125
0.0758071,-0.19495
0.029651,-0.103232
-0.00554416,0.061618
-0.043636,-0.00303713
-0.0225489,0.102493
0.0483148,-0.0163606
0.0632868,0.00976165
-0.0350413,0.119638
-0.0897507,-0.0578409
0.0446047,0.0283574
0.111684,0.0251765
-0.00756347,-0.0639585
-0.0209035,0.102524
0.0475939,0.079501
0.018172,0.060883
0,0.078125
